{
  "Score": 0,
  "yPos": 530,
  "gotCatch": true,
  "FishY": 403.144287109375,
  "xPos": 107,
  "FishX": 946.6096801757812,
  "RoodInWater": true
}