{
  "Score": 3,
  "yPos": 50,
  "gotCatch": false,
  "FishY": 330.6655578613281,
  "xPos": 219,
  "FishX": 971.695068359375,
  "RoodInWater": false
}