{
  "Score": 4,
  "yPos": 250,
  "FishY": 379.0174255371094,
  "xPos": 163,
  "FishX": 781.802734375
}