{
  "Score": 2,
  "yPos": 330,
  "gotCatch": false,
  "FishY": 575.468017578125,
  "xPos": 47,
  "FishX": 41.71982955932617,
  "RoodInWater": true
}