{
  "Score": 0,
  "yPos": 50,
  "FishY": 480.8426513671875,
  "xPos": 215,
  "FishX": 997.015625
}