{
  "Score": 1,
  "yPos": 50,
  "gotCatch": false,
  "FishY": 419.48016357421875,
  "xPos": 279,
  "FishX": -233.8512420654297,
  "RoodInWater": false
}