{
  "Score": 0,
  "yPos": 50,
  "gotCatch": false,
  "FishY": 611.208251953125,
  "xPos": 215,
  "FishX": 83.1880111694336,
  "RoodInWater": false
}