{
  "Score": 0,
  "yPos": 275,
  "yRod": true,
  "FishY": 378.3424072265625,
  "xPos": 215,
  "FishX": -10.975204467773438
}